,Name,Prices,Reviews,Description
0,Condo in Lahore,"$27 $23 night$23 per night, originally $27","4.92 out of 5 average rating,  83 reviews4.92 (83)",Arteo Cozy City-Center Studio in Gulberg Beige
1,Condo in Lahore,"$26 $22 night$22 per night, originally $26","4.88 out of 5 average rating,  52 reviews4.88 (52)",Free cancellationFree cancellation
2,Condo in Lahore,"$39 $35 night$35 per night, originally $39","5.0 out of 5 average rating,  10 reviews5.0 (10)",Mar 16 – 21Mar 16 – 21
3,Apartment in Lahore,"$47 $38 night$38 per night, originally $47","5.0 out of 5 average rating,  30 reviews5.0 (30)",Arteo Downtown Cozy Studio in the Heart of Gulberg
4,Apartment in Lahore,"$65 $52 night$52 per night, originally $65","4.88 out of 5 average rating,  76 reviews4.88 (76)",1 king bed1 king bed
5,Home in Lahore,"$50 $44 night$44 per night, originally $50","5.0 out of 5 average rating,  11 reviews5.0 (11)",Mar 13 – 18Mar 13 – 18
6,Condo in Lahore,"$44 $37 night$37 per night, originally $44","5.0 out of 5 average rating,  16 reviews5.0 (16)",Twilight | Self Check-In | 1 BR | DHA Phase 6
7,Home in Lahore,"$21 $15 night$15 per night, originally $21","5.0 out of 5 average rating,  15 reviews5.0 (15)",Free cancellationFree cancellation
8,Condo in Lahore,"$38 $30 night$30 per night, originally $38","4.89 out of 5 average rating,  53 reviews4.89 (53)",Mar 17 – 22Mar 17 – 22
9,Condo in Lahore,"$52 $43 night$43 per night, originally $52","5.0 out of 5 average rating,  21 reviews5.0 (21)",2BR Designer Apt | DHA Lahore
10,Home in Lahore,"$66 $52 night$52 per night, originally $66","5.0 out of 5 average rating,  18 reviews5.0 (18)",2 king beds2 king beds
11,Apartment in Lahore,$52 night$52 per night,"5.0 out of 5 average rating,  46 reviews5.0 (46)",Mar 13 – 18Mar 13 – 18
12,Condo in Lahore,"$44 $39 night$39 per night, originally $44","4.97 out of 5 average rating,  29 reviews4.97 (29)","Penthouse in Gold Crest Mall - Skyline Views, DHA"
13,Home in Lahore,"$39 $26 night$26 per night, originally $39","4.91 out of 5 average rating,  11 reviews4.91 (11)",3 beds3 beds
14,Apartment in Lahore,"$33 $29 night$29 per night, originally $33","5.0 out of 5 average rating,  22 reviews5.0 (22)",Mar 16 – 21Mar 16 – 21
15,Apartment in Lahore,"$27 $23 night$23 per night, originally $27","4.88 out of 5 average rating,  26 reviews4.88 (26)",The groundscape
16,Condo in Lahore,$49 night$49 per night,"4.96 out of 5 average rating,  170 reviews4.96 (170)",2 beds2 beds
17,Apartment in Lahore,"$40 $33 night$33 per night, originally $40","5.0 out of 5 average rating,  11 reviews5.0 (11)",Mar 13 – 18Mar 13 – 18
18,Villa in Lahore,$98 night$98 per night,"4.67 out of 5 average rating,  6 reviews4.67 (6)",Luxe Studio |Self-Checkin| Wifi | Gulberg |Balcony
19,Condo in Lahore,"$40 $36 night$36 per night, originally $40","4.88 out of 5 average rating,  92 reviews4.88 (92)",1 king bed1 king bed
20,Apartment in Lahore,"$47 $39 night$39 per night, originally $47","4.95 out of 5 average rating,  66 reviews4.95 (66)",Mar 14 – 19Mar 14 – 19
21,Apartment in Lahore,"$23 $19 night$19 per night, originally $23","5.0 out of 5 average rating,  8 reviews5.0 (8)",Golden Horizon Suite| Private Portion in JoharTown
22,Condo in Lahore,"$72 $51 night$51 per night, originally $72","5.0 out of 5 average rating,  5 reviews5.0 (5)",1 king bed1 king bed
23,Room in Lahore,"$25 $22 night$22 per night, originally $25","4.91 out of 5 average rating,  162 reviews4.91 (162)",Mar 14 – 19Mar 14 – 19
24,Apartment in Lahore,$46 night$46 per night,"4.67 out of 5 average rating,  12 reviews4.67 (12)","The Opus Luxury Residencies 6F-62
ONE Bed Studio"
25,Home in Lahore,$57 night$57 per night,"4.89 out of 5 average rating,  46 reviews4.89 (46)",Free cancellationFree cancellation
26,Apartment in Lahore,"$35 $28 night$28 per night, originally $35","4.96 out of 5 average rating,  114 reviews4.96 (114)",Mar 19 – 24Mar 19 – 24
27,Condo in Lahore,$33 night$33 per night,"4.96 out of 5 average rating,  49 reviews4.96 (49)",Suite Dream - Gulberg
28,Room in Lahore,"$25 $18 night$18 per night, originally $25","5.0 out of 5 average rating,  8 reviews5.0 (8)",Free cancellationFree cancellation
29,Apartment in Lahore,"$33 $24 night$24 per night, originally $33","5.0 out of 5 average rating,  6 reviews5.0 (6)",Mar 19 – 24Mar 19 – 24
30,Apartment in Lahore,"$84 $48 night$48 per night, originally $84","5.0 out of 5 average rating,  10 reviews5.0 (10)",Central DHA 3BR Villa NearPh5/6 (Sehri/Iftar inc)
31,Room in Lahore,"$11 $8 night$8 per night, originally $11","5.0 out of 5 average rating,  12 reviews5.0 (12)",Free cancellationFree cancellation
32,Condo in Lahore,"$41 $34 night$34 per night, originally $41","4.83 out of 5 average rating,  18 reviews4.83 (18)",Mar 20 – 25Mar 20 – 25
33,Home in Lahore,$74 night$74 per night,"4.65 out of 5 average rating,  51 reviews4.65 (51)",Mirhaa Homes Apartment #2 DHA-4 Gold crest mall
34,Room in Lahore,$18 night$18 per night,"5.0 out of 5 average rating,  10 reviews5.0 (10)",
35,Condo in Lahore,"$45 $41 night$41 per night, originally $45","5.0 out of 5 average rating,  3 reviews5.0 (3)",Mar 19 – 24Mar 19 – 24
36,Room in Lahore,$18 night$18 per night,"4.93 out of 5 average rating,  15 reviews4.93 (15)",The Starlight Suite /Travel Pin
37,Apartment in Lahore,"$91 $58 night$58 per night, originally $91","5.0 out of 5 average rating,  4 reviews5.0 (4)",1 queen bed1 queen bed
38,Home in Lahore,"$63 $57 night$57 per night, originally $63","5.0 out of 5 average rating,  6 reviews5.0 (6)",Mar 13 – 18Mar 13 – 18
39,Condo in Lahore,$29 night$29 per night,"4.84 out of 5 average rating,  19 reviews4.84 (19)","2 Bedroom house Gulberg 3 ,Main boulevard,LAHORE"
40,Apartment in Lahore,"$64 $51 night$51 per night, originally $64","4.94 out of 5 average rating,  51 reviews4.94 (51)",Free cancellationFree cancellation
41,Home in Lahore,"$81 $71 night$71 per night, originally $81","4.95 out of 5 average rating,  60 reviews4.95 (60)",Mar 23 – 28Mar 23 – 28
42,Apartment in Lahore,$24 night$24 per night,"5.0 out of 5 average rating,  9 reviews5.0 (9)",Zameen opal apartment-galaxy
43,Room in Lahore,"$12 $9 night$9 per night, originally $12","5.0 out of 5 average rating,  11 reviews5.0 (11)",1 bed1 bed
44,Home in Lahore,$52 night$52 per night,"4.83 out of 5 average rating,  23 reviews4.83 (23)",Mar 15 – 20Mar 15 – 20
45,Apartment in Lahore,$28 night$28 per night,"5.0 out of 5 average rating,  5 reviews5.0 (5)",Cozy Studio Apt | City Centre | 1 min from mm alam
46,Apartment in Lahore,"$53 $44 night$44 per night, originally $53",New place to stayNew,1 queen bed1 queen bed
47,Condo in Lahore,$18 night$18 per night,"4.98 out of 5 average rating,  44 reviews4.98 (44)",Mar 14 – 19Mar 14 – 19
48,Condo in Lahore,$57 night$57 per night,"4.85 out of 5 average rating,  20 reviews4.85 (20)",Jack n Jill # 3 DHA-4 Lahore
49,Apartment in Lahore,$27 night$27 per night,"5.0 out of 5 average rating,  8 reviews5.0 (8)",Free cancellationFree cancellation
50,Room in Lahore,$11 night$11 per night,"4.93 out of 5 average rating,  15 reviews4.93 (15)",Mar 31 – Apr 5Mar 31 – Apr 5
51,Apartment in Lahore,"$47 $41 night$41 per night, originally $47","5.0 out of 5 average rating,  7 reviews5.0 (7)",Luxury Elite Apartment with Exclusive Views Bahria
52,Apartment in Lahore,"$36 $32 night$32 per night, originally $36","5.0 out of 5 average rating,  5 reviews5.0 (5)",Free cancellationFree cancellation
53,Apartment in Lahore,"$44 $34 night$34 per night, originally $44","4.88 out of 5 average rating,  149 reviews4.88 (149)",Mar 16 – 21Mar 16 – 21
54,Apartment in Lahore,"$40 $33 night$33 per night, originally $40",New place to stayNew,1 Kanal 5 Bedrooms Furnished Entire Villa DHA Ph6
55,Apartment in Lahore,"$31 $26 night$26 per night, originally $31",New place to stayNew,5 beds5 beds
56,Home in Lahore,$146 night$146 per night,"5.0 out of 5 average rating,  7 reviews5.0 (7)",Mar 16 – 21Mar 16 – 21
57,Apartment in Lahore,"$22 $18 night$18 per night, originally $22","4.9 out of 5 average rating,  10 reviews4.9 (10)",Parkside Panoramic|1 BR Apt|DHA Ph 5|SELF CHECK-IN
58,Home in Lahore,$48 night$48 per night,"5.0 out of 5 average rating,  3 reviews5.0 (3)",1 king bed1 king bed
59,Apartment in Lahore,$40 night$40 per night,"5.0 out of 5 average rating,  6 reviews5.0 (6)",Mar 13 – 18Mar 13 – 18
60,Condo in Lahore,$39 night$39 per night,"5.0 out of 5 average rating,  7 reviews5.0 (7)","Elegant Studio - Gold Crest Mall, DHA"
61,Condo in Lahore,$49 night$49 per night,"4.99 out of 5 average rating,  215 reviews4.99 (215)",1 bed1 bed
62,Apartment in Lahore,"$82 $66 night$66 per night, originally $82","4.88 out of 5 average rating,  26 reviews4.88 (26)",Mar 13 – 18Mar 13 – 18
63,Apartment in Lahore,"$39 $32 night$32 per night, originally $39","4.64 out of 5 average rating,  11 reviews4.64 (11)",Designer 1BHK Studio/SelfCheckin/Eiffleview/Bahria
64,Home in Lahore,"$30 $25 night$25 per night, originally $30","4.9 out of 5 average rating,  10 reviews4.9 (10)",1 bed1 bed
65,Condo in Lahore,$49 night$49 per night,"4.99 out of 5 average rating,  186 reviews4.99 (186)",Mar 13 – 18Mar 13 – 18
66,Apartment in Lahore,"$51 $41 night$41 per night, originally $51","4.9 out of 5 average rating,  52 reviews4.9 (52)",Modern 2 BHK Luxury Flat | Balcony | GoldCrest DHA
67,Home in Lahore,"$157 $136 night$136 per night, originally $157","5.0 out of 5 average rating,  16 reviews5.0 (16)",3 beds3 beds
68,Home in Lahore,$82 night$82 per night,"5.0 out of 5 average rating,  60 reviews5.0 (60)",Mar 13 – 18Mar 13 – 18
69,Home in Lahore,$55 night$55 per night,"4.89 out of 5 average rating,  9 reviews4.89 (9)","DaisyDot Room 1 - Smart self checkin, DHA"
70,Apartment in Lahore,"$74 $65 night$65 per night, originally $74","5.0 out of 5 average rating,  20 reviews5.0 (20)",Mar 13 – 18Mar 13 – 18
71,Apartment in Lahore,"$54 $29 night$29 per night, originally $54","4.93 out of 5 average rating,  15 reviews4.93 (15)",62 Residences
72,Apartment in Lahore,"$73 $58 night$58 per night, originally $73","4.87 out of 5 average rating,  15 reviews4.87 (15)",Free cancellationFree cancellation
73,Apartment in Lahore,"$49 $39 night$39 per night, originally $49","5.0 out of 5 average rating,  13 reviews5.0 (13)",Mar 23 – 28Mar 23 – 28
74,Home in Lahore,$58 night$58 per night,"4.86 out of 5 average rating,  21 reviews4.86 (21)",Modern Comfort: 2-BR House in DHA Phase 5 LHR
75,Room in Lahore,$18 night$18 per night,"5.0 out of 5 average rating,  17 reviews5.0 (17)",Free cancellationFree cancellation
76,Apartment in Lahore,$68 night$68 per night,"5.0 out of 5 average rating,  14 reviews5.0 (14)",Mar 17 – 22Mar 17 – 22
77,Apartment in Lahore,"$83 $68 night$68 per night, originally $83",New place to stayNew,Sunny & Spacious | city centre | 1 BHK apartment
78,Villa in Lahore,$61 night$61 per night,"4.96 out of 5 average rating,  28 reviews4.96 (28)",1 queen bed1 queen bed
79,Farm stay in Barki,$131 night$131 per night,"5.0 out of 5 average rating,  3 reviews5.0 (3)",Mar 22 – 27Mar 22 – 27
80,Home in Lahore,$71 night$71 per night,"5.0 out of 5 average rating,  5 reviews5.0 (5)",Arteo-Tribe 2 Bed luxury Aprt DHA 8 Airport Raya
81,Apartment in Lahore,"$35 $31 night$31 per night, originally $35","5.0 out of 5 average rating,  4 reviews5.0 (4)",Free cancellationFree cancellation
82,Villa in Lahore,"$95 $78 night$78 per night, originally $95","4.69 out of 5 average rating,  26 reviews4.69 (26)",Mar 21 – 26Mar 21 – 26
83,Apartment in Lahore,"$62 $52 night$52 per night, originally $62","4.82 out of 5 average rating,  45 reviews4.82 (45)",Stay with AdeelStay with Adeel
84,Room in Lahore,$19 night$19 per night,"4.91 out of 5 average rating,  11 reviews4.91 (11)",Chic & modern room in DHA Phase6 - 5 mins to Raya
85,Apartment in Lahore,"$52 $36 night$36 per night, originally $52","5.0 out of 5 average rating,  14 reviews5.0 (14)",Mar 25 – 30Mar 25 – 30
86,Condo in Lahore,"$25 $22 night$22 per night, originally $25","4.92 out of 5 average rating,  49 reviews4.92 (49)",Norah Homes| 1 bed w lounge|Modern & Chic| Gulberg
87,Apartment in Lahore,$27 night$27 per night,"5.0 out of 5 average rating,  14 reviews5.0 (14)",1 sofa bed1 sofa bed
88,Room in Lahore,$21 night$21 per night,"5.0 out of 5 average rating,  7 reviews5.0 (7)",Mar 13 – 18Mar 13 – 18
89,Home in Lahore,$26 night$26 per night,"5.0 out of 5 average rating,  4 reviews5.0 (4)",2 Bed Apartment City& Court View
90,Apartment in Lahore,"$34 $31 night$31 per night, originally $34","5.0 out of 5 average rating,  31 reviews5.0 (31)",2 beds2 beds
91,Home in Lahore,$79 night$79 per night,"5.0 out of 5 average rating,  10 reviews5.0 (10)",Mar 13 – 18Mar 13 – 18
92,Room in Lahore,$37 night$37 per night,"4.93 out of 5 average rating,  206 reviews4.93 (206)","Blue Horizon | Room in JoharTown | WiFi, AC, Bath"
93,Home in Lahore,$141 night$141 per night,"5.0 out of 5 average rating,  10 reviews5.0 (10)",Mar 14 – 19Mar 14 – 19
94,Apartment in Lahore,"$67 $35 night$35 per night, originally $67","4.96 out of 5 average rating,  23 reviews4.96 (23)",Chaand Sifarish|Gulberg|Pool & Gym|Self Check-IN
95,Room in Lahore,$18 night$18 per night,"5.0 out of 5 average rating,  9 reviews5.0 (9)",2 king beds2 king beds
96,Condo in Lahore,$66 night$66 per night,New place to stayNew,Mar 13 – 18Mar 13 – 18
97,Apartment in Lahore,"$48 $43 night$43 per night, originally $48","5.0 out of 5 average rating,  3 reviews5.0 (3)",Full furnished 5 bedrooms 4 bath independ. portion
98,Apartment in Lahore,"$48 $37 night$37 per night, originally $48","4.92 out of 5 average rating,  146 reviews4.92 (146)",5 double beds5 double beds
99,Condo in Lahore,$50 night$50 per night,"4.87 out of 5 average rating,  45 reviews4.87 (45)",Mar 13 – 18Mar 13 – 18
100,Apartment in Lahore,$68 night$68 per night,"5.0 out of 5 average rating,  11 reviews5.0 (11)",Stay with Nawaz HeightsStay with Nawaz Heights
101,Guest suite in Lahore,$64 night$64 per night,"4.9 out of 5 average rating,  21 reviews4.9 (21)",1.Luxury One-Bedroom Apartment
102,Room in Lahore,"$25 $20 night$20 per night, originally $25","4.98 out of 5 average rating,  87 reviews4.98 (87)",Mar 13 – 18Mar 13 – 18
103,Apartment in Lahore,"$59 $50 night$50 per night, originally $59","4.9 out of 5 average rating,  40 reviews4.9 (40)",Celestial Ruins|1 BR|5 Min - Stadium|Self Check In
104,Condo in Lahore,$23 night$23 per night,"5.0 out of 5 average rating,  7 reviews5.0 (7)",1 king bed1 king bed
105,Room in Lahore,"$20 $18 night$18 per night, originally $20","4.88 out of 5 average rating,  26 reviews4.88 (26)",Mar 13 – 18Mar 13 – 18
106,Home in Lahore,$70 night$70 per night,"4.92 out of 5 average rating,  59 reviews4.92 (59)",Supa Home (Room # 2)
107,Apartment in Lahore,$40 night$40 per night,"4.96 out of 5 average rating,  51 reviews4.96 (51)",Mar 14 – 19Mar 14 – 19
108,Apartment in Lahore,"$54 $47 night$47 per night, originally $54","4.91 out of 5 average rating,  11 reviews4.91 (11)",Tuscany Suite | 2 BHK | Goldcrest | DHA 4 | Lahore
109,Condo in Lahore,"$44 $39 night$39 per night, originally $44","5.0 out of 5 average rating,  32 reviews5.0 (32)",3 beds3 beds
110,Apartment in Lahore,"$36 $30 night$30 per night, originally $36","5.0 out of 5 average rating,  6 reviews5.0 (6)",Mar 13 – 18Mar 13 – 18
111,Home in Lahore,"$64 $54 night$54 per night, originally $64",New place to stayNew,3 Bed House In DHA Phase 9 Town Lahore
112,Apartment in Lahore,"$40 $36 night$36 per night, originally $40","5.0 out of 5 average rating,  20 reviews5.0 (20)",5 beds5 beds
113,Apartment in Lahore,$28 night$28 per night,"5.0 out of 5 average rating,  4 reviews5.0 (4)",Mar 13 – 18Mar 13 – 18
114,Condo in Lahore,"$69 $46 night$46 per night, originally $69","4.88 out of 5 average rating,  8 reviews4.88 (8)",Arteo-Grand Romantic 1 Bed Dha 8
115,Apartment in Lahore,"$71 $54 night$54 per night, originally $71","5.0 out of 5 average rating,  7 reviews5.0 (7)",1 king bed1 king bed
116,Apartment in Lahore,"$68 $55 night$55 per night, originally $68","5.0 out of 5 average rating,  19 reviews5.0 (19)",Mar 13 – 18Mar 13 – 18
117,Condo in Lahore,$53 night$53 per night,"4.77 out of 5 average rating,  86 reviews4.77 (86)","Luxury Apt w/ Balcony in Goldcrest, DHA"
118,Apartment in Lahore,$50 night$50 per night,"5.0 out of 5 average rating,  35 reviews5.0 (35)",4 beds4 beds
119,Apartment in Lahore,"$130 $118 night$118 per night, originally $130","4.87 out of 5 average rating,  46 reviews4.87 (46)",Mar 14 – 19Mar 14 – 19
120,Home in Lahore,$97 night$97 per night,"4.98 out of 5 average rating,  101 reviews4.98 (101)",Central & Spacious Retreat: 3-Bedroom 1 Kanal Home
121,Room in Lahore,$32 night$32 per night,"4.96 out of 5 average rating,  109 reviews4.96 (109)",5 beds5 beds
122,Apartment in Lahore,$16 night$16 per night,"4.85 out of 5 average rating,  55 reviews4.85 (55)",Mar 13 – 18Mar 13 – 18
123,Apartment in Lahore,$60 night$60 per night,"4.94 out of 5 average rating,  18 reviews4.94 (18)",Modern and Luxury 1BHK Studio/Self Check-in/Eiffle
124,Condo in Lahore,$143 night$143 per night,"5.0 out of 5 average rating,  10 reviews5.0 (10)",Free cancellationFree cancellation
125,Home in Lahore,$42 night$42 per night,"5.0 out of 5 average rating,  8 reviews5.0 (8)",Mar 22 – 27Mar 22 – 27
126,Condo in Lahore,$47 night$47 per night,"4.93 out of 5 average rating,  135 reviews4.93 (135)","Celestial Gold | Room in JoharTown| WiFi, AC, Bath"
127,Apartment in Lahore,$47 night$47 per night,"5.0 out of 5 average rating,  46 reviews5.0 (46)",Mar 13 – 18Mar 13 – 18
128,Condo in Lahore,$68 night$68 per night,"5.0 out of 5 average rating,  4 reviews5.0 (4)",Cozy home with full amenities.
129,Home in Lahore,$25 night$25 per night,"5.0 out of 5 average rating,  3 reviews5.0 (3)",2 beds2 beds
130,Place to stay in Lahore,$17 night$17 per night,"4.78 out of 5 average rating,  58 reviews4.78 (58)",Mar 13 – 18Mar 13 – 18
131,Apartment in Lahore,"$81 $48 night$48 per night, originally $81","4.93 out of 5 average rating,  27 reviews4.93 (27)",Arteo Essence | Luxe 1-Bed Suite in DHA 8
132,Apartment in Lahore,"$37 $28 night$28 per night, originally $37","5.0 out of 5 average rating,  8 reviews5.0 (8)",1 bed1 bed
133,Apartment in Lahore,"$21 $17 night$17 per night, originally $21","4.93 out of 5 average rating,  44 reviews4.93 (44)",Mar 13 – 18Mar 13 – 18
134,Home in Lahore,"$55 $28 night$28 per night, originally $55","5.0 out of 5 average rating,  7 reviews5.0 (7)",Platinum View | 13 Floor | Blcny | GoldCrest | DHA
135,Apartment in Lahore,"$82 $42 night$42 per night, originally $82","4.78 out of 5 average rating,  41 reviews4.78 (41)",3 beds3 beds
136,Apartment in Lahore,"$51 $44 night$44 per night, originally $51","4.9 out of 5 average rating,  10 reviews4.9 (10)",Mar 13 – 18Mar 13 – 18
137,Room in Lahore,"$13 $12 night$12 per night, originally $13","4.75 out of 5 average rating,  4 reviews4.75 (4)",Cozy&Peaceful |Studio Apartment|
138,Apartment in Lahore,"$89 $71 night$71 per night, originally $89","5.0 out of 5 average rating,  8 reviews5.0 (8)",1 king bed1 king bed
139,Apartment in Lahore,"$22 $18 night$18 per night, originally $22","4.77 out of 5 average rating,  30 reviews4.77 (30)",Mar 14 – 19Mar 14 – 19
140,Room in Lahore,"$17 $11 night$11 per night, originally $17","5.0 out of 5 average rating,  15 reviews5.0 (15)",Three bed modern apartment
141,Home in Lahore,"$61 $50 night$50 per night, originally $61","4.89 out of 5 average rating,  9 reviews4.89 (9)",3 beds3 beds
142,Home in Lahore,$142 night$142 per night,"5.0 out of 5 average rating,  8 reviews5.0 (8)",Mar 13 – 18Mar 13 – 18
143,Room in Lahore,$21 night$21 per night,"4.94 out of 5 average rating,  17 reviews4.94 (17)",Zameen Opal- 2BHK Luxe Living
144,Home in Lahore,"$124 $108 night$108 per night, originally $124","4.97 out of 5 average rating,  33 reviews4.97 (33)",Free cancellationFree cancellation
145,Apartment in Lahore,$68 night$68 per night,"5.0 out of 5 average rating,  9 reviews5.0 (9)",Mar 16 – 21Mar 16 – 21
146,Apartment in Lahore,"$30 $27 night$27 per night, originally $30","5.0 out of 5 average rating,  6 reviews5.0 (6)",Homely Retreat 2.0
147,Room in Lahore,"$29 $25 night$25 per night, originally $29","4.95 out of 5 average rating,  22 reviews4.95 (22)",Mar 13 – 18Mar 13 – 18
148,Apartment in Lahore,"$45 $40 night$40 per night, originally $45","4.87 out of 5 average rating,  109 reviews4.87 (109)",Luxury studio Apt|Brand New|City Centre|Gulberg
149,Apartment in Lahore,$105 night$105 per night,"4.94 out of 5 average rating,  18 reviews4.94 (18)",1 bed1 bed
150,Apartment in Lahore,$38 night$38 per night,"5.0 out of 5 average rating,  3 reviews5.0 (3)",Mar 13 – 18Mar 13 – 18
151,Apartment in Lahore,$40 night$40 per night,New place to stayNew,Cozy retreat 1 bed apartment in gulberg
152,Condo in Lahore,"$31 $26 night$26 per night, originally $31","5.0 out of 5 average rating,  3 reviews5.0 (3)",1 bed1 bed
153,Apartment in Lahore,$40 night$40 per night,"4.91 out of 5 average rating,  11 reviews4.91 (11)",Mar 16 – 21Mar 16 – 21
154,Home in Lahore,$49 night$49 per night,"5.0 out of 5 average rating,  24 reviews5.0 (24)",2 bed Luxury Apartment DHA Phase 8
155,Apartment in Lahore,$23 night$23 per night,"5.0 out of 5 average rating,  25 reviews5.0 (25)",2 king beds2 king beds
156,Home in Lahore,$15 night$15 per night,"4.92 out of 5 average rating,  53 reviews4.92 (53)",Mar 13 – 18Mar 13 – 18
157,Apartment in Lahore,"$28 $24 night$24 per night, originally $28","4.7 out of 5 average rating,  46 reviews4.7 (46)",Spacious 2BR APT | Relax & Unwind | Gulberg 3
158,Apartment in Lahore,"$20 $16 night$16 per night, originally $20","4.83 out of 5 average rating,  12 reviews4.83 (12)",2 double beds2 double beds
159,Apartment in Lahore,"$28 $25 night$25 per night, originally $28","4.94 out of 5 average rating,  53 reviews4.94 (53)",Mar 13 – 18Mar 13 – 18
160,Apartment in Lahore,"$35 $22 night$22 per night, originally $35","4.67 out of 5 average rating,  3 reviews4.67 (3)",2 Bed Apartment City& Court View
161,Apartment in Lahore,"$55 $45 night$45 per night, originally $55","5.0 out of 5 average rating,  13 reviews5.0 (13)",2 king beds2 king beds
162,Home in Lahore,$29 night$29 per night,"4.89 out of 5 average rating,  57 reviews4.89 (57)",Mar 13 – 18Mar 13 – 18
163,Apartment in Lahore,$39 night$39 per night,New place to stayNew,Luxury Home Canal Road (Opposite Doctors Hospital)
164,Room in Lahore,$15 night$15 per night,"4.94 out of 5 average rating,  17 reviews4.94 (17)",6 beds6 beds
165,Home in Lahore,$67 night$67 per night,"4.78 out of 5 average rating,  46 reviews4.78 (46)",Mar 13 – 18Mar 13 – 18
166,Apartment in Lahore,"$55 $38 night$38 per night, originally $55","4.95 out of 5 average rating,  22 reviews4.95 (22)","stay on 5th floor, enjoy great view, Near Eiffel"
167,Condo in Lahore,"$67 $58 night$58 per night, originally $67","5.0 out of 5 average rating,  5 reviews5.0 (5)",1 double bed1 double bed
168,Apartment in Lahore,$40 night$40 per night,New place to stayNew,Mar 13 – 18Mar 13 – 18
169,Apartment in Lahore,"$20 $18 night$18 per night, originally $20","5.0 out of 5 average rating,  8 reviews5.0 (8)",2 Bed Luxury Lower Portion DHA Phase 6
170,Room in Lahore,"$13 $11 night$11 per night, originally $13",New place to stayNew,Free cancellationFree cancellation
171,Condo in Lahore,$39 night$39 per night,"5.0 out of 5 average rating,  4 reviews5.0 (4)",Mar 19 – 24Mar 19 – 24
172,Condo in Lahore,"$29 $26 night$26 per night, originally $29","4.73 out of 5 average rating,  64 reviews4.73 (64)",Cozy Studio Apt | Goldcrest Mall
173,Apartment in Lahore,"$23 $19 night$19 per night, originally $23","5.0 out of 5 average rating,  8 reviews5.0 (8)",1 king bed1 king bed
174,Condo in Lahore,$51 night$51 per night,"4.92 out of 5 average rating,  52 reviews4.92 (52)",Mar 14 – 19Mar 14 – 19
175,Home in Lahore,"$17 $14 night$14 per night, originally $17","5.0 out of 5 average rating,  4 reviews5.0 (4)",Astral Abode | Travel Pin
176,Apartment in Lahore,$29 night$29 per night,"5.0 out of 5 average rating,  119 reviews5.0 (119)",Free cancellationFree cancellation
177,Condo in Lahore,"$24 $20 night$20 per night, originally $24","4.93 out of 5 average rating,  15 reviews4.93 (15)",Mar 16 – 21Mar 16 – 21
178,Condo in Lahore,"$59 $50 night$50 per night, originally $59","4.88 out of 5 average rating,  24 reviews4.88 (24)",Jack n Jill # 2 DHA-4 Lahore
179,Apartment in Lahore,"$60 $52 night$52 per night, originally $60","4.82 out of 5 average rating,  11 reviews4.82 (11)",1 double bed1 double bed
180,Apartment in Lahore,"$71 $48 night$48 per night, originally $71","4.92 out of 5 average rating,  87 reviews4.92 (87)",Mar 13 – 18Mar 13 – 18
181,Home in Lahore,$35 night$35 per night,"5.0 out of 5 average rating,  3 reviews5.0 (3)","Skyline Elegance 11th Flr Balcony @ GoldCrest, DHA"
182,Apartment in Lahore,$52 night$52 per night,"4.95 out of 5 average rating,  21 reviews4.95 (21)",3 beds3 beds
183,Apartment in Lahore,$38 night$38 per night,"4.87 out of 5 average rating,  15 reviews4.87 (15)",Mar 19 – 24Mar 19 – 24
184,Condo in Lahore,"$51 $46 night$46 per night, originally $51","4.98 out of 5 average rating,  50 reviews4.98 (50)",Luxury 2-Bed | Comfort & Style
185,Apartment in Lahore,"$38 $28 night$28 per night, originally $38","4.88 out of 5 average rating,  25 reviews4.88 (25)",2 beds2 beds
186,Room in Lahore,"$23 $19 night$19 per night, originally $23","5.0 out of 5 average rating,  16 reviews5.0 (16)",Mar 13 – 18Mar 13 – 18
187,Condo in Lahore,"$27 $23 night$23 per night, originally $27","4.93 out of 5 average rating,  14 reviews4.93 (14)",Lounge & Leisure Stay
188,Room in Lahore,"$15 $13 night$13 per night, originally $15",New place to stayNew,2 king beds2 king beds
189,Condo in Lahore,$39 night$39 per night,"4.91 out of 5 average rating,  81 reviews4.91 (81)",Mar 15 – 20Mar 15 – 20
190,Condo in Lahore,$29 night$29 per night,"4.87 out of 5 average rating,  31 reviews4.87 (31)",Jack n Jill # 1 DHA-4 Lahore
191,Apartment in Lahore,"$54 $49 night$49 per night, originally $54","5.0 out of 5 average rating,  14 reviews5.0 (14)",1 double bed1 double bed
192,Apartment in Lahore,$95 night$95 per night,"4.88 out of 5 average rating,  64 reviews4.88 (64)",Mar 13 – 18Mar 13 – 18
193,Apartment in Lahore,$46 night$46 per night,"4.78 out of 5 average rating,  23 reviews4.78 (23)",Mirhaa Homes Apartment #1 DHA-4 Gold crest mall
194,Apartment in Lahore,"$47 $41 night$41 per night, originally $47","4.89 out of 5 average rating,  35 reviews4.89 (35)",
195,Condo in Lahore,$35 night$35 per night,"5.0 out of 5 average rating,  9 reviews5.0 (9)",Mar 13 – 18Mar 13 – 18
196,Apartment in Lahore,"$25 $19 night$19 per night, originally $25","4.76 out of 5 average rating,  49 reviews4.76 (49)",Comfort house Dha Phase 7 near Raya & AirPort
197,Home in Lahore,"$71 $45 night$45 per night, originally $71","5.0 out of 5 average rating,  7 reviews5.0 (7)",6 beds6 beds
198,Apartment in Lahore,$30 night$30 per night,"5.0 out of 5 average rating,  4 reviews5.0 (4)",Mar 13 – 18Mar 13 – 18
199,Home in Lahore,$39 night$39 per night,"5.0 out of 5 average rating,  4 reviews5.0 (4)",Modern 3-BR House in Lahore’s Top Gated Society
200,Apartment in Lahore,$80 night$80 per night,"4.88 out of 5 average rating,  64 reviews4.88 (64)",5 beds5 beds
201,Apartment in Lahore,"$39 $34 night$34 per night, originally $39","4.75 out of 5 average rating,  79 reviews4.75 (79)",Mar 13 – 18Mar 13 – 18
202,Apartment in Lahore,$18 night$18 per night,New place to stayNew,2 Storey Entire Villa w Parking
203,Apartment in Lahore,"$47 $38 night$38 per night, originally $47","5.0 out of 5 average rating,  16 reviews5.0 (16)",3 beds3 beds
204,Home in Lahore,$31 night$31 per night,"4.96 out of 5 average rating,  23 reviews4.96 (23)",Mar 13 – 18Mar 13 – 18
205,Apartment in Lahore,"$44 $40 night$40 per night, originally $44","5.0 out of 5 average rating,  5 reviews5.0 (5)","Penthouse with Balcony 14th Floor GoldCrest, DHA"
206,Condo in Lahore,$30 night$30 per night,"4.93 out of 5 average rating,  14 reviews4.93 (14)",3 beds3 beds
207,Condo in Lahore,$58 night$58 per night,"4.54 out of 5 average rating,  13 reviews4.54 (13)",Mar 13 – 18Mar 13 – 18
208,Home in Lahore,"$39 $31 night$31 per night, originally $39","4.75 out of 5 average rating,  12 reviews4.75 (12)",Artistic Apartment | DHA Phase 5 | Penta Square
209,Apartment in Lahore,$44 night$44 per night,"4.76 out of 5 average rating,  38 reviews4.76 (38)",2 beds2 beds
210,Condo in Lahore,$46 night$46 per night,"5.0 out of 5 average rating,  26 reviews5.0 (26)",Mar 13 – 18Mar 13 – 18
211,Condo in Lahore,"$51 $42 night$42 per night, originally $51","4.67 out of 5 average rating,  6 reviews4.67 (6)",2 Bed | 12 Flr | Balcony View | Penta Square | DHA
212,Apartment in Lahore,"$33 $27 night$27 per night, originally $33","5.0 out of 5 average rating,  17 reviews5.0 (17)",2 beds2 beds
213,Home in Lahore,$39 night$39 per night,"4.95 out of 5 average rating,  65 reviews4.95 (65)",Mar 14 – 19Mar 14 – 19
214,Apartment in Lahore,"$50 $37 night$37 per night, originally $50","5.0 out of 5 average rating,  7 reviews5.0 (7)",Luxury Private Studio Apt | location |Gulberg
215,Home in Lahore,"$61 $50 night$50 per night, originally $61","4.9 out of 5 average rating,  21 reviews4.9 (21)",1 bed1 bed
216,Apartment in Lahore,"$72 $62 night$62 per night, originally $72","4.73 out of 5 average rating,  26 reviews4.73 (26)",Mar 13 – 18Mar 13 – 18
217,Apartment in Lahore,"$26 $21 night$21 per night, originally $26","5.0 out of 5 average rating,  3 reviews5.0 (3)",Exclusive 3 Bed Villa in DHA Close to Dolmen Mall.
218,Apartment in Lahore,"$40 $34 night$34 per night, originally $40","4.89 out of 5 average rating,  9 reviews4.89 (9)",3 queen beds3 queen beds
219,Room in Lahore,$18 night$18 per night,"5.0 out of 5 average rating,  3 reviews5.0 (3)",Mar 13 – 18Mar 13 – 18
220,Apartment in Lahore,"$36 $30 night$30 per night, originally $36","5.0 out of 5 average rating,  35 reviews5.0 (35)",Supa Home (Room # 3)
221,Room in Lahore,"$24 $14 night$14 per night, originally $24","4.94 out of 5 average rating,  31 reviews4.94 (31)",Mar 13 – 18Mar 13 – 18
222,Apartment in Lahore,$22 night$22 per night,New place to stayNew,Luxury apartment central Lahore
223,Condo in Lahore,"$28 $23 night$23 per night, originally $28","5.0 out of 5 average rating,  20 reviews5.0 (20)",Free cancellationFree cancellation
224,Apartment in Lahore,$35 night$35 per night,New place to stayNew,Mar 16 – 21Mar 16 – 21
225,Apartment in Lahore,$46 night$46 per night,"4.85 out of 5 average rating,  13 reviews4.85 (13)",Sunrise holdings Suite-Gulberg2 |Hot tub|Pool|Gym.
226,Apartment in Lahore,"$51 $27 night$27 per night, originally $51","4.91 out of 5 average rating,  11 reviews4.91 (11)",1 bed1 bed
227,Apartment in Lahore,"$34 $29 night$29 per night, originally $34","5.0 out of 5 average rating,  3 reviews5.0 (3)",Mar 13 – 18Mar 13 – 18
228,Home in Lahore,$68 night$68 per night,"4.71 out of 5 average rating,  14 reviews4.71 (14)",Casa Ócho : 2-BHK Villa near Lahore Airport
229,Apartment in Lahore,"$30 $26 night$26 per night, originally $30","4.63 out of 5 average rating,  8 reviews4.63 (8)",2 king beds2 king beds
230,Home in Lahore,$44 night$44 per night,"4.97 out of 5 average rating,  97 reviews4.97 (97)",Mar 13 – 18Mar 13 – 18
231,Apartment in Lahore,$46 night$46 per night,"5.0 out of 5 average rating,  6 reviews5.0 (6)",Luxury Farmhouse with private pool in Barki lahore
232,Room in Lahore,$22 night$22 per night,"4.74 out of 5 average rating,  54 reviews4.74 (54)",1 bed1 bed
233,Apartment in Lahore,$27 night$27 per night,"4.87 out of 5 average rating,  39 reviews4.87 (39)",Mar 13 – 18Mar 13 – 18
234,Condo in Lahore,"$53 $45 night$45 per night, originally $53","5.0 out of 5 average rating,  34 reviews5.0 (34)",Upper portion 1 kanal house phase  6 DHA Raya
235,Apartment in Lahore,"$76 $48 night$48 per night, originally $76","4.82 out of 5 average rating,  17 reviews4.82 (17)",6 king beds6 king beds
236,Condo in Lahore,$59 night$59 per night,New place to stayNew,Mar 13 – 18Mar 13 – 18
237,Condo in Lahore,"$51 $46 night$46 per night, originally $51","5.0 out of 5 average rating,  15 reviews5.0 (15)","Luxury & Secure 2-Bed Private, Safe Apartment DHA"
238,Room in Lahore,"$22 $18 night$18 per night, originally $22",New place to stayNew,2 beds2 beds
239,Apartment in Lahore,"$21 $16 night$16 per night, originally $21",New place to stayNew,Mar 14 – 19Mar 14 – 19
240,Condo in Lahore,$115 night$115 per night,"4.66 out of 5 average rating,  76 reviews4.66 (76)",6 Bedroom Villa in DHA Lahore
241,Apartment in Lahore,"$47 $38 night$38 per night, originally $47","4.75 out of 5 average rating,  4 reviews4.75 (4)",10 beds10 beds
242,Apartment in Lahore,"$45 $37 night$37 per night, originally $45","4.71 out of 5 average rating,  14 reviews4.71 (14)",Mar 13 – 18Mar 13 – 18
243,Apartment in Lahore,$33 night$33 per night,"5.0 out of 5 average rating,  6 reviews5.0 (6)","10th Floor w/  Balcony in Gold Crest Mall, DHA"
244,Apartment in Lahore,"$48 $38 night$38 per night, originally $48","4.9 out of 5 average rating,  48 reviews4.9 (48)",2 beds2 beds
245,Apartment in Lahore,$52 night$52 per night,"4.8 out of 5 average rating,  5 reviews4.8 (5)",Mar 13 – 18Mar 13 – 18
246,Apartment in Lahore,"$21 $19 night$19 per night, originally $21","4.94 out of 5 average rating,  16 reviews4.94 (16)",Supa Home (Room # 1)
247,Apartment in Lahore,"$52 $46 night$46 per night, originally $52","4.94 out of 5 average rating,  47 reviews4.94 (47)",Mar 16 – 21Mar 16 – 21
248,Apartment in Lahore,$27 night$27 per night,"5.0 out of 5 average rating,  4 reviews5.0 (4)",SelfCheckin 1 BHK Smart Home DHA
